{"mae": 0.45514332947682284, "rmse": 0.5427685334901237, "r2": 0.45242176260995026, "historical_quarters": ["2023-Q1", "2023-Q2", "2023-Q3", "2023-Q4", "2024-Q1", "2024-Q2", "2024-Q3", "2024-Q4", "2025-Q1", "2025-Q2", "2025-Q3", "2025-Q4"], "historical_rates": [8.667264525599867, 8.453726384680115, 8.806285503682684, 7.77577332851356, 7.610484595903867, 7.089038158606827, 7.806353481111772, 6.998490253964286, 6.324399733266787, 6.784682191345961, 7.480826101272017, 7.23568673981781], "test_quarters": ["2023-Q1", "2023-Q2", "2023-Q3", "2023-Q4", "2024-Q1", "2024-Q2", "2024-Q3", "2024-Q4", "2025-Q1", "2025-Q2", "2025-Q3", "2025-Q4"], "actual_test": [8.667264525599867, 8.453726384680115, 8.806285503682684, 7.77577332851356, 7.610484595903867, 7.089038158606827, 7.806353481111772, 6.998490253964286, 6.324399733266787, 6.784682191345961, 7.480826101272017, 7.23568673981781], "predicted_test": [7.90658889229731, 8.708740610652324, 8.509324101418642, 8.087039164758236, 7.718612540591522, 8.207721478283998, 8.111826576267102, 7.314751451879121, 6.962117982520017, 7.527992143289355, 7.406706612084522, 6.701577131698528]}